[
  {
    "name": "Bitcoin",
    "ticker": "BTC",
    "network": "bitcoin",
    "precision": 8,
    "logo": "assets/images/bitcoin-logo.png",
    "coingeckoid": "bitcoin"
  },
  {
    "name": "Liquid Bitcoin",
    "ticker": "L-BTC",
    "network": "liquid",
    "precision": 8,
    "logo": "assets/images/lbtc-logo.png",
    "coingeckoid": "bitcoin",
    "assetId": "6f0279e9ed041c3d710a9f57d0c02928416460c4b722ae3457a11eec381c526d"
  },
  {
    "name": "Tether USD",
    "ticker": "USDt",
    "network": "liquid",
    "precision": 8,
    "logo": "assets/images/usdt-logo.png",
    "coingeckoid": "tether",
    "assetId": "ce091c998b83c78bb71a632313ba3760f1763d9cfcffae02258ffa9865a37bd2"
  },
  {
    "name": "Depix",
    "ticker": "DEPIX",
    "network": "liquid",
    "precision": 8,
    "logo": "assets/images/depix-logo.png",
    "assetId": "02f22f8d9c76ab41661a2729e4752e2c5d1a263012141b86ea98af5472df5189"
  }
]
